player_id,player_name,age_2025,pa_2025,seasons_since_last,expected_rel_woba,actual_rel_woba,sd,z,stan_pred_mean
543807,George Springer,35,586,1,0.0022,0.0948,0.0274,3.377,0.0023
669065,Kyle Stowers,27,457,1,-0.0295,0.0731,0.034,3.015,-0.0296
663728,Cal Raleigh,28,705,1,0.0015,0.0789,0.0265,2.918,0.0015
672695,Geraldo Perdomo,25,720,1,-0.0072,0.0568,0.027,2.37,-0.0072
666018,Jonathan Aranda,27,422,1,-0.0106,0.0678,0.0348,2.252,-0.0107
663330,Jahmai Jones,27,150,1,-0.0245,0.0857,0.051,2.162,-0.0246
519317,Giancarlo Stanton,35,281,1,0.0052,0.0818,0.0357,2.148,0.0052
696100,Hunter Goodman,25,579,1,-0.0232,0.0457,0.0321,2.143,-0.0232
669127,Shea Langeliers,27,523,1,-0.0105,0.0507,0.0296,2.07,-0.0106
668930,Brice Turang,25,659,1,-0.0242,0.0332,0.0279,2.06,-0.0242
672580,Maikel Garcia,25,666,1,-0.0225,0.0338,0.0277,2.035,-0.0225
664056,Harrison Bader,31,501,1,-0.0266,0.0333,0.0295,2.033,-0.0265
700250,Ben Rice,26,530,1,-0.0227,0.0454,0.0337,2.021,-0.0227
642851,Austin Wynns,34,110,1,-0.0565,0.0515,0.0546,1.977,-0.0564
665161,Jeremy Peña,27,543,1,-0.0059,0.0498,0.0285,1.955,-0.0059
686527,Dominic Canzone,27,269,1,-0.0237,0.0495,0.0392,1.871,-0.0238
656941,Kyle Schwarber,32,724,1,0.0314,0.0783,0.0256,1.832,0.0314
657656,Ramón Laureano,30,488,1,-0.0033,0.0513,0.0298,1.83,-0.0032
663757,Trent Grisham,28,581,1,-0.0113,0.0402,0.0283,1.819,-0.0113
656716,Zach McKinstry,30,511,1,-0.0343,0.0199,0.0301,1.805,-0.0342
683737,Michael Busch,27,592,1,0.0018,0.0555,0.0299,1.798,0.0017
691016,Tyler Soderstrom,23,624,1,-0.0155,0.0404,0.0313,1.789,-0.0155
592450,Aaron Judge,33,679,1,0.103,0.1497,0.0265,1.762,0.1028
669257,Will Smith,30,436,1,0.023,0.0761,0.0304,1.75,0.023
663853,Romy Gonzalez,28,341,1,-0.0231,0.0388,0.0363,1.705,-0.0231
666160,Mickey Moniak,27,461,1,-0.0189,0.0346,0.0315,1.701,-0.019
623168,Tyler Heineman,34,174,1,-0.0511,0.0283,0.0473,1.68,-0.051
694388,Joey Loperfido,26,104,1,-0.0249,0.0681,0.0561,1.658,-0.0249
656811,Ryan O'Hearn,31,544,1,-0.0088,0.0361,0.0289,1.554,-0.0087
609280,Miguel Andujar,30,341,1,-0.0111,0.0407,0.0347,1.493,-0.0111
805779,Jacob Wilson,23,523,1,-0.0156,0.0348,0.0348,1.45,-0.0156
686555,Isaac Collins,27,441,1,-0.0213,0.0313,0.0376,1.4,-0.0213
691406,Junior Caminero,21,653,1,-0.0009,0.0434,0.0327,1.358,-0.0
543510,James McCann,35,137,1,-0.05,0.0152,0.0482,1.352,-0.0499
656577,Alex Jackson,29,100,1,-0.0636,0.0142,0.0577,1.349,-0.0636
608701,Rob Refsnyder,34,209,1,-0.0089,0.046,0.0412,1.333,-0.0089
608348,Carson Kelly,30,421,1,-0.0227,0.0185,0.0318,1.297,-0.0226
593871,Jorge Polanco,31,524,1,-0.0005,0.0368,0.0287,1.296,-0.0004
666176,Jo Adell,26,573,1,-0.0182,0.0194,0.0295,1.276,-0.0183
676475,Alec Burleson,26,546,1,-0.0049,0.0325,0.0295,1.264,-0.005
671056,Iván Herrera,25,452,1,0.0097,0.0515,0.0341,1.224,0.0096
621439,Byron Buxton,31,542,1,0.0185,0.0535,0.0289,1.213,0.0185
687597,Jordan Beck,24,588,1,-0.0334,0.0059,0.0329,1.194,-0.0333
643565,Mike Tauchman,34,385,1,-0.0163,0.0221,0.0329,1.168,-0.0163
693307,Dillon Dingler,26,469,1,-0.0288,0.013,0.0359,1.167,-0.0289
500743,Miguel Rojas,36,317,1,-0.0406,-0.0009,0.0342,1.159,-0.0406
683146,Brett Baty,25,432,1,-0.0278,0.0106,0.0331,1.158,-0.0278
679529,Spencer Torkelson,25,649,1,-0.0063,0.0255,0.0276,1.154,-0.0064
571970,Max Muncy,34,388,1,0.0164,0.053,0.0318,1.151,0.0164
678246,Miguel Vargas,25,569,1,-0.0338,0.0013,0.0307,1.141,-0.0338
662139,Daulton Varsho,28,271,1,-0.008,0.0319,0.0361,1.106,-0.0081
641343,Jake Bauers,29,218,1,-0.0245,0.0198,0.0401,1.104,-0.0245
606466,Ketel Marte,31,556,1,0.0367,0.0674,0.0279,1.102,0.0366
686217,Sal Frelick,25,594,1,-0.0124,0.0192,0.0295,1.071,-0.0125
657757,Gavin Sheets,29,545,1,-0.0208,0.01,0.029,1.062,-0.0207
682998,Corbin Carroll,24,642,1,0.0293,0.0584,0.0275,1.06,0.0292
676914,Davis Schneider,26,227,1,-0.0047,0.0381,0.0404,1.058,-0.0048
553993,Eugenio Suárez,33,657,1,0.0059,0.0337,0.0263,1.055,0.006
650490,Yandy Díaz,33,651,1,0.0235,0.0512,0.0267,1.039,0.0235
666182,Bo Bichette,27,628,1,0.0194,0.0478,0.0273,1.039,0.0193
676694,Jake Meyers,29,381,1,-0.0243,0.0095,0.0328,1.03,-0.0242
672820,Lenyn Sosa,25,544,1,-0.0323,-0.0005,0.031,1.024,-0.0323
656976,Pavin Smith,29,288,1,-0.0027,0.0347,0.0366,1.023,-0.0026
680718,Addison Barger,25,502,1,-0.0256,0.0086,0.0336,1.018,-0.0256
660271,Shohei Ohtani,30,727,1,0.079,0.1047,0.0258,0.997,0.079
695578,James Wood,22,689,1,0.0099,0.0397,0.0304,0.98,0.0099
624413,Pete Alonso,30,709,1,0.0307,0.0552,0.0258,0.954,0.0307
595777,Jurickson Profar,32,371,1,0.0026,0.033,0.0319,0.953,0.0026
665804,Miguel Amaya,26,103,1,-0.0172,0.0326,0.0555,0.898,-0.0173
647304,Josh Naylor,28,604,1,0.0136,0.0376,0.0275,0.873,0.0135
691718,Pete Crow-Armstrong,23,647,1,-0.016,0.0103,0.0304,0.865,-0.016
665862,Jazz Chisholm Jr.,27,531,1,0.0111,0.0359,0.0289,0.858,0.0111
543309,Kyle Higashioka,35,327,1,-0.0422,-0.0126,0.035,0.846,-0.0422
671289,Tyler Freeman,26,428,1,-0.021,0.0064,0.0328,0.832,-0.0211
630105,Jake Cronenworth,31,515,1,-0.0038,0.02,0.0286,0.831,-0.0037
700932,Kyle Manzardo,24,531,1,-0.0114,0.0163,0.0339,0.818,-0.0115
681624,Andy Pages,24,624,1,-0.0057,0.0188,0.0303,0.808,-0.0057
605170,Victor Caratini,31,386,1,-0.0202,0.0052,0.0326,0.778,-0.0201
676391,Ernie Clement,29,588,1,-0.0279,-0.0047,0.0297,0.777,-0.0278
669743,Alex Call,30,322,1,-0.0093,0.0184,0.036,0.769,-0.0091
660162,Yoán Moncada,30,289,1,-0.0006,0.0263,0.036,0.748,-0.0005
808982,Jung Hoo Lee,26,617,1,-0.0177,0.0069,0.0328,0.748,-0.0177
665019,Kody Clemens,29,386,1,-0.0325,-0.0064,0.0353,0.739,-0.0323
668885,Austin Martin,26,181,1,-0.0137,0.0197,0.0453,0.738,-0.0138
655316,Andruw Monasterio,28,135,1,-0.0221,0.0145,0.05,0.734,-0.0221
664702,Myles Straw,30,299,1,-0.0401,-0.0141,0.0357,0.73,-0.04
682626,Francisco Alvarez,23,277,1,0.0026,0.0298,0.0374,0.727,0.0027
660670,Ronald Acuña Jr.,27,412,1,0.0674,0.0898,0.0312,0.717,0.0672
641355,Cody Bellinger,29,656,1,0.0154,0.0344,0.0266,0.712,0.0156
694671,Wyatt Langford,23,573,1,0.0025,0.0241,0.0304,0.709,0.0025
682622,Noelvi Marte,23,360,1,-0.0167,0.0081,0.0358,0.691,-0.0167
624641,Edmundo Sosa,29,261,1,-0.0071,0.0189,0.0378,0.688,-0.0071
670623,Isaac Paredes,26,438,1,0.0184,0.0394,0.0306,0.687,0.0183
621493,Taylor Ward,31,663,1,0.0073,0.0257,0.0268,0.683,0.0073
516782,Starling Marte,36,329,1,-0.0099,0.0131,0.0337,0.68,-0.0099
660844,Leo Rivas,27,111,1,-0.0176,0.0204,0.0559,0.679,-0.0176
690993,Colt Keith,23,468,1,-0.0087,0.0124,0.0321,0.657,-0.0087
687462,Spencer Horwitz,27,411,1,0.0085,0.0304,0.0341,0.643,0.0085
687263,Zach Neto,24,554,1,0.0053,0.024,0.0295,0.635,0.0052
642086,Dominic Smith,30,225,1,-0.0123,0.0123,0.0391,0.627,-0.0122
642201,Eli White,31,271,1,-0.0482,-0.0234,0.04,0.619,-0.048
641487,J.P. Crawford,30,654,1,-0.0061,0.0093,0.0267,0.58,-0.0061
676609,José Caballero,28,370,1,-0.0235,-0.0041,0.0338,0.575,-0.0235
669016,Brandon Marsh,27,425,1,0.0085,0.0261,0.0311,0.567,0.0084
624428,Adam Frazier,33,459,1,-0.03,-0.0134,0.0301,0.55,-0.0299
595879,Javier Báez,32,437,1,-0.0362,-0.0197,0.0307,0.537,-0.036
669477,Casey Schmitt,26,348,1,-0.0251,-0.0059,0.0362,0.532,-0.0252
680777,Ryan Jeffers,28,464,1,0.0037,0.02,0.0306,0.532,0.0037
621566,Matt Olson,31,724,1,0.0397,0.0532,0.0255,0.531,0.0397
672515,Gabriel Moreno,25,309,1,0.0077,0.0266,0.0359,0.527,0.0076
642708,Amed Rosario,29,191,1,-0.0128,0.0084,0.0414,0.511,-0.0127
656305,Matt Chapman,32,535,1,0.0089,0.0231,0.0281,0.507,0.0089
672761,Wenceel Pérez,25,383,1,-0.0121,0.005,0.0346,0.494,-0.0122
702616,Jackson Holliday,21,649,1,-0.0245,-0.0088,0.032,0.491,-0.0243
664059,Sam Haggerty,31,182,1,-0.0279,-0.0058,0.0454,0.485,-0.0278
665966,Carlos Narváez,26,446,1,-0.0159,0.002,0.0376,0.475,-0.0159
607208,Trea Turner,32,639,1,0.0259,0.0385,0.0266,0.473,0.0259
545121,Ildemaro Vargas,33,121,1,-0.0448,-0.0207,0.0512,0.472,-0.0448
455117,Martín Maldonado,38,161,1,-0.0837,-0.0625,0.0451,0.471,-0.0837
670770,TJ Friedl,29,685,1,0.0066,0.0195,0.0277,0.468,0.0066
608324,Alex Bregman,31,495,1,0.0291,0.0425,0.0288,0.465,0.0292
686469,Vinnie Pasquantino,27,682,1,0.0141,0.0267,0.0277,0.456,0.014
672386,Alejandro Kirk,26,506,1,0.0084,0.0214,0.0297,0.437,0.0083
596019,Francisco Lindor,31,732,1,0.026,0.0371,0.0255,0.436,0.0261
502054,Tommy Pham,37,449,1,-0.0185,-0.0055,0.0301,0.433,-0.0185
691723,Coby Mayo,23,294,1,-0.028,-0.0104,0.041,0.431,-0.0281
682928,CJ Abrams,24,635,1,-0.0008,0.0106,0.0275,0.412,-0.0008
595978,Austin Hedges,32,180,1,-0.0911,-0.0738,0.0434,0.398,-0.0909
681082,Bryson Stott,27,560,1,-0.0092,0.0021,0.0284,0.397,-0.0092
573262,Mike Yastrzemski,34,558,1,-0.0036,0.0075,0.0283,0.395,-0.0036
608070,José Ramírez,32,673,1,0.0364,0.0465,0.0261,0.39,0.0364
663538,Nico Hoerner,28,649,1,0.0006,0.011,0.0268,0.386,0.0006
664770,Nathan Lukes,30,438,1,-0.0102,0.0039,0.0364,0.386,-0.01
669720,Austin Hays,29,416,1,0.002,0.0136,0.0313,0.37,0.0021
676059,Jordan Westburg,26,352,1,0.0063,0.019,0.0346,0.367,0.0061
680737,Michael Helman,29,110,1,-0.0145,0.0064,0.0571,0.366,-0.0145
677942,Blaze Alexander,26,266,1,-0.0139,0.0003,0.0404,0.351,-0.014
678882,Ceddanne Rafaela,24,587,1,-0.017,-0.0066,0.0299,0.348,-0.017
643446,Jeff McNeil,33,462,1,0.0007,0.0106,0.0298,0.333,0.0008
681460,Brooks Baldwin,24,328,1,-0.0243,-0.0115,0.0387,0.332,-0.0243
663698,Joey Bart,28,332,1,-0.0079,0.0035,0.0355,0.321,-0.0079
643376,Danny Jansen,30,337,1,-0.0051,0.005,0.0341,0.295,-0.005
669701,Josh Smith,27,563,1,-0.0102,-0.002,0.0292,0.282,-0.0103
575929,Willson Contreras,33,563,1,0.0234,0.0312,0.0282,0.276,0.0234
694384,Nolan Schanuel,23,564,1,0.0059,0.0139,0.0299,0.269,0.0058
666158,Gavin Lux,27,503,1,0.0012,0.0092,0.0301,0.268,0.0011
642136,Matt Thaiss,30,190,1,-0.0263,-0.0154,0.0434,0.253,-0.0263
677800,Wilyer Abreu,26,417,1,0.0121,0.0204,0.0334,0.248,0.012
663743,Nick Fortes,28,242,1,-0.036,-0.0271,0.0389,0.231,-0.036
670156,Miles Mastrobuoni,29,175,1,-0.0412,-0.0312,0.0463,0.215,-0.0411
667670,Brent Rooker,30,699,1,0.0299,0.0357,0.0271,0.211,0.03
646240,Rafael Devers,28,729,1,0.0468,0.0521,0.0256,0.207,0.0467
518934,DJ LeMahieu,36,142,1,-0.0192,-0.0096,0.047,0.204,-0.0191
643217,Andrew Benintendi,30,470,1,-0.0022,0.0038,0.0295,0.204,-0.0021
688363,Graham Pauley,24,184,1,-0.0225,-0.0129,0.0474,0.202,-0.0225
680977,Brendan Donovan,28,515,1,0.0181,0.0239,0.0293,0.198,0.0181
680776,Jarren Duran,28,696,1,0.017,0.022,0.027,0.184,0.0169
605137,Josh Bell,32,533,1,0.0061,0.0108,0.0282,0.168,0.0061
457705,Andrew McCutchen,38,551,1,-0.0088,-0.0042,0.0282,0.164,-0.0088
650402,Gleyber Torres,28,628,1,0.0142,0.0186,0.0268,0.162,0.0142
682985,Riley Greene,24,655,1,0.0258,0.0302,0.0275,0.161,0.0257
624512,Reese McGuire,30,140,1,-0.0301,-0.0227,0.0485,0.153,-0.03
701305,Zach Dezenzo,25,109,1,-0.0162,-0.0075,0.0566,0.153,-0.0162
608369,Corey Seager,31,445,1,0.0479,0.0523,0.03,0.149,0.0479
596142,Gary Sánchez,32,101,1,-0.0095,-0.002,0.0547,0.138,-0.0094
668227,Randy Arozarena,30,709,1,0.0157,0.0192,0.026,0.135,0.0157
673548,Seiya Suzuki,30,651,1,0.0273,0.0303,0.0273,0.11,0.0273
592518,Manny Machado,32,678,1,0.0252,0.0281,0.0261,0.108,0.0253
521692,Salvador Perez,35,641,1,-0.0054,-0.0026,0.0267,0.106,-0.0055
664040,Brandon Lowe,30,553,1,0.0183,0.0213,0.0285,0.105,0.0183
572191,Michael A. Taylor,34,325,1,-0.0461,-0.0428,0.0341,0.097,-0.0461
663616,Trevor Larnach,28,567,1,0.0006,0.0035,0.0294,0.097,0.0006
642133,Rowdy Tellez,30,312,1,-0.009,-0.0059,0.0345,0.092,-0.0089
518692,Freddie Freeman,35,627,1,0.0543,0.0566,0.0267,0.088,0.0542
682829,Elly De La Cruz,23,699,1,0.017,0.0194,0.0274,0.088,0.017
677951,Bobby Witt Jr.,25,687,1,0.045,0.0472,0.0265,0.083,0.0449
596115,Trevor Story,32,654,1,0.0051,0.0072,0.028,0.075,0.0052
691176,Jasson Domínguez,22,429,1,0.0001,0.0028,0.0371,0.074,0.0003
669234,Justyn-Henry Malloy,25,127,1,-0.0157,-0.0122,0.052,0.068,-0.0158
694497,Evan Carter,22,220,1,0.0054,0.0082,0.0429,0.064,0.0056
624431,Jose Trevino,32,302,1,-0.0446,-0.0423,0.0359,0.063,-0.0445
664761,Alec Bohm,28,504,1,0.0076,0.0093,0.0289,0.058,0.0076
671218,Heliot Ramos,25,695,1,0.0044,0.0058,0.0291,0.049,0.0042
677347,Kyren Paris,23,140,1,-0.0323,-0.0299,0.0515,0.047,-0.0323
641584,Jake Fraley,30,217,1,0.0008,0.0025,0.04,0.042,0.0009
682641,Luis Matos,23,184,1,-0.0193,-0.0174,0.0446,0.042,-0.0193
621020,Dansby Swanson,31,645,1,-0.0042,-0.0036,0.0265,0.021,-0.0041
677950,Alek Thomas,25,469,1,-0.0262,-0.0259,0.0316,0.009,-0.0263
694192,Jackson Chourio,21,589,1,0.0152,0.0154,0.0303,0.007,0.0153
647351,Abraham Toro,28,284,1,-0.0274,-0.0272,0.0366,0.006,-0.0274
664728,Kyle Isbel,28,409,1,-0.0257,-0.0261,0.0322,-0.013,-0.0257
686797,Brooks Lee,24,527,1,-0.0268,-0.0275,0.0336,-0.02,-0.0268
686765,Nick Sogard,27,104,1,-0.0164,-0.0185,0.0574,-0.036,-0.0164
628451,Andy Ibáñez,32,193,1,-0.0222,-0.0239,0.0424,-0.039,-0.0221
664023,Ian Happ,30,663,1,0.0214,0.0203,0.0263,-0.043,0.0215
691594,Javier Sanoja,22,342,1,-0.017,-0.0187,0.0396,-0.043,-0.017
677588,José Tena,24,169,1,-0.0153,-0.0175,0.0471,-0.047,-0.0153
677594,Julio Rodríguez,24,710,1,0.0292,0.0279,0.0264,-0.049,0.0291
592885,Christian Yelich,33,644,1,0.0315,0.0301,0.0269,-0.052,0.0315
670223,Matt Mervis,27,134,1,-0.0363,-0.039,0.0521,-0.052,-0.0364
642180,Tyler Wade,30,127,1,-0.0477,-0.0506,0.051,-0.058,-0.0476
683734,Andrew Vaughn,27,447,1,0.0001,-0.0018,0.0301,-0.063,0.0
669450,Cooper Hummel,30,105,1,-0.0415,-0.0455,0.0569,-0.07,-0.0414
669707,Jared Triolo,27,376,1,-0.0147,-0.0173,0.0339,-0.076,-0.0147
665828,Oswaldo Cabrera,26,122,1,-0.0226,-0.0269,0.0511,-0.085,-0.0227
701538,Jackson Merrill,22,483,1,0.0214,0.0181,0.0317,-0.104,0.0213
643289,Mauricio Dubón,30,398,1,-0.0269,-0.0303,0.0319,-0.106,-0.0268
571657,Kyle Farmer,34,300,1,-0.0271,-0.0309,0.0353,-0.108,-0.0271
676572,Eric Wagaman,27,514,1,-0.0161,-0.0199,0.0354,-0.108,-0.0161
663656,Kyle Tucker,28,597,1,0.0535,0.0498,0.0277,-0.132,0.0534
656555,Rhys Hoskins,32,328,1,0.0159,0.0113,0.0339,-0.138,0.016
687363,Victor Scott II,24,463,1,-0.0341,-0.039,0.035,-0.139,-0.0341
681393,Connor Norby,25,337,1,-0.0075,-0.0131,0.0376,-0.147,-0.0076
665839,Enmanuel Valdez,26,102,1,-0.0148,-0.0233,0.0562,-0.15,-0.015
663368,Blake Perkins,28,171,1,-0.0192,-0.0262,0.0449,-0.156,-0.0191
596146,Max Kepler,32,474,1,-0.0079,-0.0126,0.0297,-0.158,-0.0079
670764,Taylor Walls,28,317,1,-0.0424,-0.0482,0.035,-0.164,-0.0424
666211,Taylor Trammell,27,135,1,-0.0216,-0.0309,0.0512,-0.181,-0.0217
642715,Willy Adames,29,686,1,0.0124,0.0077,0.0261,-0.182,0.0125
650489,Willi Castro,28,454,1,-0.0057,-0.0114,0.0301,-0.192,-0.0057
657557,Paul DeJong,31,208,1,-0.0276,-0.0353,0.0401,-0.192,-0.0275
668709,JJ Bleday,27,344,1,-0.0044,-0.011,0.0338,-0.197,-0.0044
527038,Wilmer Flores,33,463,1,-0.0051,-0.011,0.0302,-0.198,-0.005
677595,Ronny Mauricio,24,184,2,-0.0138,-0.023,0.0469,-0.198,-0.0138
805373,Nacho Alvarez Jr.,22,208,1,-0.0247,-0.0341,0.0456,-0.205,-0.0247
656537,Derek Hill,29,149,1,-0.0313,-0.0415,0.0485,-0.209,-0.0313
691026,Masyn Winn,23,537,1,-0.009,-0.0158,0.0302,-0.223,-0.009
665489,Vladimir Guerrero Jr.,26,680,1,0.0586,0.0525,0.0261,-0.231,0.0584
607043,Brandon Nimmo,32,652,1,0.0219,0.0156,0.0265,-0.238,0.0219
663886,Tyler Stephenson,28,342,1,0.0142,0.0062,0.0335,-0.239,0.0142
679845,Nick Loftin,26,188,1,-0.0237,-0.0346,0.0451,-0.24,-0.0239
669224,Austin Wells,25,448,1,-0.0028,-0.0109,0.0329,-0.245,-0.0029
620443,Luis Torrens,29,283,1,-0.0261,-0.0355,0.0379,-0.247,-0.026
668670,Jake Rogers,30,142,1,-0.03,-0.0428,0.048,-0.267,-0.0299
671732,Lawrence Butler,24,630,1,0.0052,-0.0027,0.0297,-0.267,0.0051
642731,Thairo Estrada,29,165,1,-0.0175,-0.0295,0.0444,-0.27,-0.0175
666181,Will Benson,27,253,1,-0.0042,-0.0147,0.0385,-0.272,-0.0043
668715,Spencer Steer,27,568,1,0.0107,0.0027,0.0285,-0.281,0.0106
669221,Sean Murphy,30,337,1,0.0053,-0.0043,0.0338,-0.284,0.0054
643396,Isiah Kiner-Falefa,30,459,1,-0.0258,-0.0343,0.03,-0.285,-0.0257
681481,Kerry Carpenter,27,464,1,0.0306,0.0214,0.0315,-0.292,0.0305
695336,Thomas Saggese,23,295,1,-0.0187,-0.0307,0.0408,-0.295,-0.0187
672356,Gabriel Arias,25,471,1,-0.0255,-0.0355,0.0325,-0.307,-0.0255
592663,J.T. Realmuto,34,550,1,0.0022,-0.0065,0.0282,-0.309,0.0022
641943,Joshua Palacios,29,145,1,-0.0261,-0.0418,0.049,-0.319,-0.0261
641857,Ryan McMahon,30,586,1,0.0018,-0.007,0.0274,-0.32,0.0019
693304,Nick Gonzales,26,408,1,-0.0134,-0.0242,0.0337,-0.322,-0.0135
666310,Bo Naylor,25,414,1,-0.0137,-0.0245,0.0332,-0.325,-0.0138
670242,Matt Wallner,27,392,1,0.0322,0.0211,0.034,-0.325,0.0321
683011,Anthony Volpe,24,596,1,-0.0175,-0.0268,0.0282,-0.327,-0.0175
677587,Brayan Rocchio,24,383,1,-0.0236,-0.035,0.0342,-0.331,-0.0236
542303,Marcell Ozuna,34,592,1,0.0303,0.021,0.0274,-0.339,0.0302
666624,Christopher Morel,26,305,1,-0.002,-0.0142,0.0349,-0.347,-0.0022
467793,Carlos Santana,39,474,1,-0.0178,-0.0287,0.0295,-0.37,-0.0177
680728,Adrian Del Castillo,25,131,1,0.0016,-0.0178,0.0525,-0.37,0.0016
656775,Cedric Mullins,30,498,1,-0.0009,-0.0117,0.0291,-0.371,-0.0009
678554,Curtis Mead,24,264,1,-0.0194,-0.035,0.0405,-0.385,-0.0194
664034,Ty France,30,490,1,0.0,-0.0112,0.0291,-0.387,0.0001
670224,Kameron Misner,27,217,1,-0.0241,-0.0416,0.0453,-0.387,-0.0241
571771,Enrique Hernández,33,256,1,-0.0303,-0.0448,0.0369,-0.391,-0.0302
665487,Fernando Tatis Jr.,26,691,1,0.0506,0.0401,0.0268,-0.392,0.0505
687231,Darell Hernaiz,23,197,1,-0.0289,-0.0469,0.045,-0.401,-0.0288
553869,Elias Díaz,34,283,1,-0.0292,-0.0439,0.0358,-0.411,-0.0292
660821,Jesús Sánchez,27,497,1,0.0038,-0.0087,0.0297,-0.423,0.0037
664238,Dylan Moore,32,243,1,-0.017,-0.0335,0.0383,-0.432,-0.0169
807799,Masataka Yoshida,31,205,1,0.0067,-0.0112,0.0411,-0.435,0.0067
572233,Christian Walker,34,640,1,0.009,-0.0027,0.0268,-0.439,0.009
673490,Ha-Seong Kim,29,191,1,-0.0065,-0.0248,0.0415,-0.441,-0.0064
543877,Christian Vázquez,34,214,1,-0.0465,-0.0647,0.0398,-0.458,-0.0464
650968,Yohel Pozo,28,168,4,-0.0151,-0.038,0.0498,-0.459,-0.0152
686611,Dylan Crews,23,322,1,-0.0157,-0.0338,0.0387,-0.466,-0.0157
672640,Otto Lopez,26,594,1,-0.0036,-0.0183,0.0313,-0.469,-0.0037
547180,Bryce Harper,32,580,1,0.0608,0.0479,0.0275,-0.47,0.0608
642215,Weston Wilson,30,125,1,0.0002,-0.0253,0.0534,-0.478,0.0004
645444,Jose Herrera,28,204,1,-0.0409,-0.0618,0.0434,-0.48,-0.0409
682177,Daniel Schneemann,28,422,1,-0.0157,-0.0326,0.0351,-0.483,-0.0156
605361,Nick Martini,35,111,1,-0.0273,-0.0544,0.0547,-0.494,-0.0273
669397,Nick Allen,26,416,1,-0.0516,-0.0679,0.0332,-0.494,-0.0517
673962,Josh Jung,27,511,1,0.0002,-0.0151,0.0309,-0.495,0.0001
668901,Mark Vientos,25,463,1,0.0061,-0.0096,0.0318,-0.496,0.006
596103,Austin Slater,32,160,1,-0.0102,-0.0328,0.0454,-0.497,-0.0102
514888,Jose Altuve,35,654,1,0.0316,0.0183,0.0265,-0.504,0.0315
666971,Lourdes Gurriel Jr.,31,546,1,0.0081,-0.0065,0.0282,-0.519,0.0082
669364,Xavier Edwards,25,619,1,0.0117,-0.0047,0.031,-0.529,0.0115
678662,Ezequiel Tovar,23,390,1,0.0045,-0.0126,0.0322,-0.529,0.0045
671277,Luis García Jr.,25,526,1,0.0023,-0.0131,0.029,-0.53,0.0022
695238,Will Wagner,26,149,1,-0.0065,-0.0334,0.0501,-0.538,-0.0066
602104,Ramón Urías,31,391,1,-0.0037,-0.0213,0.0324,-0.542,-0.0036
686780,Pedro Pagés,26,389,1,-0.0179,-0.0375,0.0359,-0.547,-0.018
663837,Matt Vierling,28,100,1,-0.0046,-0.0351,0.0549,-0.554,-0.0046
682729,Jonatan Clase,23,112,1,-0.0147,-0.0466,0.056,-0.569,-0.0147
456781,Donovan Solano,37,179,1,-0.0116,-0.0364,0.0431,-0.576,-0.0116
666023,Freddy Fermin,30,347,1,-0.0122,-0.0328,0.0351,-0.586,-0.0122
686668,Brenton Doyle,27,538,1,-0.0136,-0.031,0.0295,-0.587,-0.0137
669242,Tommy Edman,30,377,1,-0.0099,-0.029,0.0324,-0.588,-0.0098
570482,Gio Urshela,33,197,1,-0.0176,-0.0423,0.0411,-0.6,-0.0176
606192,Teoscar Hernández,32,546,1,0.0187,0.0018,0.0279,-0.604,0.0187
502671,Paul Goldschmidt,37,534,1,0.0201,0.003,0.0281,-0.606,0.0201
641680,Jonah Heim,30,433,1,-0.028,-0.0472,0.0308,-0.625,-0.0279
649966,Luis Urías,28,330,1,0.0017,-0.02,0.0347,-0.625,0.0016
593428,Xander Bogaerts,32,552,1,0.0179,0.0001,0.028,-0.636,0.0179
543760,Marcus Semien,34,534,1,-0.0004,-0.0183,0.0279,-0.642,-0.0005
683002,Gunnar Henderson,24,651,1,0.0439,0.0263,0.0274,-0.644,0.0438
661388,William Contreras,27,659,1,0.0362,0.0185,0.0269,-0.657,0.0361
682657,Angel Martínez,23,484,1,-0.0164,-0.0394,0.0345,-0.667,-0.0164
680474,Max Schuemann,28,213,1,-0.023,-0.0509,0.0418,-0.668,-0.023
667472,Dane Myers,29,333,1,-0.0124,-0.0383,0.0382,-0.677,-0.0123
545341,Randal Grichuk,33,293,1,-0.0007,-0.0245,0.0352,-0.678,-0.0006
665742,Juan Soto,26,715,1,0.0944,0.0767,0.0257,-0.686,0.0943
641598,Mitch Garver,34,290,1,-0.0043,-0.0296,0.0357,-0.708,-0.0043
670042,Luke Raley,30,219,1,0.0061,-0.0226,0.0402,-0.713,0.0061
656896,Emmanuel Rivera,29,127,1,-0.0186,-0.0547,0.0501,-0.72,-0.0185
592206,Nick Castellanos,33,589,1,0.007,-0.0127,0.0272,-0.723,0.007
672275,Patrick Bailey,26,452,1,-0.0247,-0.0477,0.0317,-0.727,-0.0248
666397,Edouard Julien,26,208,1,0.0028,-0.0275,0.0415,-0.732,0.0027
680757,Steven Kwan,27,693,1,0.016,-0.0036,0.0266,-0.738,0.0159
624585,Jorge Soler,33,315,1,0.0106,-0.0154,0.034,-0.764,0.0106
666969,Adolis García,32,547,1,-0.0058,-0.0273,0.0281,-0.765,-0.0058
645302,Victor Robles,28,114,1,-0.0048,-0.0454,0.0521,-0.78,-0.0047
518595,Travis d'Arnaud,36,231,1,-0.0198,-0.0504,0.0388,-0.788,-0.0198
669357,Nolan Gorman,25,402,1,0.0044,-0.0214,0.0322,-0.799,0.0043
687952,Christian Encarnacion-Strand,25,137,1,-0.0116,-0.0521,0.05,-0.81,-0.0117
578428,Jose Iglesias,35,343,1,-0.0173,-0.0448,0.0339,-0.811,-0.0173
663604,Brandon Lockridge,28,148,1,-0.017,-0.0587,0.0513,-0.812,-0.017
641933,Tyler O'Neill,30,209,1,0.0167,-0.0161,0.0402,-0.815,0.0167
666185,Dylan Carlson,26,241,1,-0.0089,-0.0403,0.0384,-0.817,-0.0091
678009,Parker Meadows,25,213,1,-0.0019,-0.0364,0.042,-0.822,-0.002
681297,Colton Cowser,25,360,1,0.0007,-0.0278,0.0345,-0.826,0.0006
621043,Carlos Correa,30,584,1,0.0322,0.0091,0.0277,-0.835,0.0324
666152,David Hamilton,27,194,1,-0.0155,-0.0529,0.0438,-0.853,-0.0155
682988,Tyler Locklear,24,116,1,-0.0202,-0.068,0.0554,-0.862,-0.0202
672744,Alexander Canario,25,234,1,-0.005,-0.0435,0.0442,-0.87,-0.0051
671221,Drew Waters,26,219,1,-0.0085,-0.0453,0.042,-0.876,-0.0086
668804,Bryan Reynolds,30,654,1,0.0257,0.0016,0.0264,-0.915,0.0258
669394,Jake Burger,29,376,1,0.0114,-0.0185,0.0326,-0.918,0.0114
663457,Lars Nootbaar,27,583,1,0.0174,-0.0089,0.0286,-0.922,0.0173
621035,Chris Taylor,34,125,1,-0.0173,-0.0634,0.0498,-0.925,-0.0173
650333,Luis Arraez,28,675,1,0.0248,0.0003,0.0263,-0.928,0.0247
679032,Johan Rojas,24,172,1,-0.0167,-0.0592,0.0451,-0.943,-0.0167
669326,Bryce Teodosio,26,150,1,-0.0215,-0.0701,0.051,-0.953,-0.0216
668939,Adley Rutschman,27,365,1,0.0158,-0.0152,0.0325,-0.955,0.0157
696285,Jacob Young,25,364,1,-0.0161,-0.0491,0.0343,-0.96,-0.0162
673237,Yainer Diaz,26,567,1,0.0151,-0.0129,0.0292,-0.961,0.015
666139,Josh Lowe,27,435,1,0.0022,-0.0292,0.0316,-0.993,0.0021
691182,Adael Amador,22,128,1,-0.022,-0.0754,0.0536,-0.995,-0.022
660688,Keibert Ruiz,26,267,1,-0.0142,-0.0508,0.0367,-0.999,-0.0143
663697,Jonathan India,28,567,1,0.0156,-0.0124,0.028,-0.999,0.0155
669289,Santiago Espinal,30,328,1,-0.0191,-0.0543,0.0343,-1.027,-0.019
676801,Chas McCormick,30,116,1,-0.0026,-0.0565,0.0517,-1.044,-0.0025
681508,Mickey Gasper,29,110,1,-0.0237,-0.0838,0.0569,-1.055,-0.0237
663586,Austin Riley,28,447,1,0.0372,0.0053,0.03,-1.062,0.0371
665833,Oneil Cruz,26,544,1,0.0135,-0.0183,0.0298,-1.068,0.0133
665561,Rafael Marchán,26,118,1,0.0105,-0.0495,0.0557,-1.077,0.0103
669911,Michael Toglia,26,337,1,-0.0096,-0.0479,0.035,-1.096,-0.0097
542932,Jon Berti,35,107,1,-0.027,-0.0872,0.0538,-1.118,-0.027
621438,Tyrone Taylor,31,341,1,-0.0104,-0.0487,0.0341,-1.123,-0.0103
624424,Michael Conforto,32,486,1,0.0076,-0.0256,0.0296,-1.123,0.0077
682668,Luisangel Acuña,23,193,1,-0.0028,-0.0555,0.0465,-1.133,-0.0028
663647,Ke'Bryan Hayes,28,570,1,-0.0145,-0.0473,0.0283,-1.155,-0.0146
657077,Alex Verdugo,29,213,1,-0.0027,-0.0488,0.0394,-1.169,-0.0026
663624,Ryan Mountcastle,28,357,1,0.0092,-0.0295,0.0326,-1.184,0.0091
457759,Justin Turner,40,191,1,0.0042,-0.0451,0.0416,-1.187,0.0044
656180,Riley Adams,29,286,1,-0.0178,-0.0631,0.038,-1.193,-0.0177
668904,Royce Lewis,26,403,1,0.0194,-0.0216,0.0336,-1.22,0.0192
686681,Michael Massey,27,277,1,-0.0133,-0.0587,0.0368,-1.233,-0.0134
677008,Heston Kjerstad,26,167,1,-0.0058,-0.0653,0.0478,-1.244,-0.0059
650859,Luis Rengifo,28,541,1,-0.0016,-0.0383,0.029,-1.265,-0.0016
676439,Hunter Feduccia,28,105,1,-0.0136,-0.0875,0.058,-1.273,-0.0136
592192,Mark Canha,36,125,1,-0.0064,-0.0695,0.0495,-1.275,-0.0064
663993,Nathaniel Lowe,29,609,1,0.023,-0.0117,0.0272,-1.276,0.023
673357,Luis Robert Jr.,27,431,1,0.0159,-0.0239,0.0308,-1.287,0.0157
677649,Ezequiel Duran,26,219,1,-0.0118,-0.0645,0.0403,-1.308,-0.0119
700242,Trey Sweeney,25,326,1,-0.0179,-0.0686,0.0387,-1.309,-0.0179
666163,Ben Rortvedt,27,128,1,-0.0334,-0.1008,0.051,-1.321,-0.0335
681351,Logan O'Hoppe,25,451,1,0.0028,-0.0396,0.0319,-1.328,0.0027
571448,Nolan Arenado,34,436,1,0.0136,-0.0265,0.0301,-1.334,0.0137
665926,Andrés Giménez,26,369,1,-0.0007,-0.0442,0.0322,-1.349,-0.0009
681807,David Fry,29,157,1,0.0076,-0.0555,0.0468,-1.349,0.0077
606115,Orlando Arcia,30,214,1,-0.0267,-0.0802,0.0396,-1.352,-0.0266
663898,Brendan Rodgers,28,128,1,0.0005,-0.0668,0.0493,-1.365,0.0004
680779,Henry Davis,25,283,1,-0.0309,-0.0836,0.0386,-1.365,-0.031
669261,Jack Suwinski,26,178,1,-0.0037,-0.0631,0.0434,-1.367,-0.0039
621028,Kevin Newman,31,116,1,-0.0333,-0.1041,0.0516,-1.372,-0.0332
645277,Ozzie Albies,28,667,1,0.0183,-0.0186,0.0267,-1.383,0.0183
666149,Tyler Fitzgerald,27,243,1,0.0124,-0.0444,0.0404,-1.405,0.0124
687401,Joey Ortiz,26,506,1,-0.0055,-0.0499,0.0316,-1.406,-0.0057
670541,Yordan Alvarez,28,199,1,0.0834,0.0245,0.0406,-1.448,0.0833
668942,Josh Rojas,31,211,1,-0.0219,-0.0808,0.04,-1.473,-0.0219
680869,Zack Gelof,25,101,1,-0.0079,-0.0893,0.0553,-1.473,-0.008
680574,Matt McLain,25,577,2,0.021,-0.0266,0.032,-1.486,0.0208
545361,Mike Trout,33,556,1,0.074,0.0301,0.029,-1.515,0.074
664983,Jake McCarthy,27,222,1,0.0045,-0.0568,0.0397,-1.545,0.0044
665750,Leody Taveras,26,180,1,-0.0167,-0.0831,0.0427,-1.556,-0.0169
681546,James Outman,28,148,1,-0.0019,-0.0759,0.0475,-1.557,-0.0019
592669,Hunter Renfroe,33,108,1,-0.0087,-0.0943,0.0528,-1.62,-0.0087
671213,Triston Casas,25,112,1,0.0292,-0.0574,0.0531,-1.632,0.029
691023,Jordan Walker,23,396,1,0.0035,-0.0529,0.0337,-1.669,0.0034
657041,Lane Thomas,29,142,1,0.0006,-0.0778,0.0469,-1.67,0.0006
666134,Nolan Jones,27,403,1,0.0141,-0.0427,0.033,-1.724,0.0139
592626,Joc Pederson,33,306,1,0.0241,-0.0368,0.0346,-1.763,0.0241
657136,Connor Wong,29,188,1,-0.0076,-0.0833,0.0426,-1.773,-0.0076
671739,Michael Harris II,24,641,1,0.025,-0.0244,0.0277,-1.788,0.0249
623993,Anthony Santander,30,221,1,0.0137,-0.0581,0.0388,-1.85,0.0137
681146,Jonah Bride,29,125,1,-0.0145,-0.1108,0.0512,-1.88,-0.0144
672724,Oswald Peraza,25,265,1,-0.0186,-0.0991,0.0407,-1.978,-0.0186
605141,Mookie Betts,32,663,1,0.0581,0.0047,0.0264,-2.021,0.058
664774,LaMonte Wade Jr.,31,242,1,0.0073,-0.0716,0.0381,-2.068,0.0073
607732,Jacob Stallings,35,129,1,-0.0348,-0.1418,0.0494,-2.163,-0.0348
678877,Jhonkensy Noel,23,153,1,-0.0009,-0.1065,0.0486,-2.172,-0.0009
681962,Vinny Capra,28,105,1,-0.0238,-0.1628,0.0585,-2.375,-0.0238
